sample_block_idx,sample_start,sample_end_exclusive,total_rows,skipped_samples,evaluated_samples,correct,interval_acc,cumulative_evaluated_samples,cumulative_correct,cumulative_acc
1,0,100,100,100,0,0,,0,0.0,
2,100,200,100,100,0,0,,0,0.0,
3,200,300,100,100,0,0,,0,0.0,
4,300,400,100,100,0,0,,0,0.0,
5,400,500,100,100,0,0,,0,0.0,
6,500,600,100,100,0,0,,0,0.0,
7,600,700,100,100,0,0,,0,0.0,
8,700,800,100,100,0,0,,0,0.0,
9,800,900,100,100,0,0,,0,0.0,
10,900,1000,100,100,0,0,,0,0.0,
11,1000,1100,100,100,0,0,,0,0.0,
12,1100,1200,100,100,0,0,,0,0.0,
13,1200,1300,100,100,0,0,,0,0.0,
14,1300,1400,100,100,0,0,,0,0.0,
15,1400,1500,100,100,0,0,,0,0.0,
16,1500,1600,100,0,100,95,0.95,100,95.0,0.95
17,1600,1700,100,0,100,99,0.99,200,194.0,0.97
18,1700,1800,100,0,100,93,0.93,300,287.0,0.9566666666666667
19,1800,1900,100,0,100,97,0.97,400,384.0,0.96
20,1900,2000,100,0,100,93,0.93,500,477.0,0.954
21,2000,2100,100,0,100,92,0.92,600,569.0,0.9483333333333334
22,2100,2200,100,0,100,93,0.93,700,662.0,0.9457142857142857
23,2200,2300,100,0,100,94,0.94,800,756.0,0.945
24,2300,2400,100,0,100,100,1.0,900,856.0,0.9511111111111111
25,2400,2500,100,0,100,92,0.92,1000,948.0,0.948
26,2500,2600,100,0,100,97,0.97,1100,1045.0,0.95
27,2600,2700,100,0,100,95,0.95,1200,1140.0,0.95
28,2700,2800,100,0,100,92,0.92,1300,1232.0,0.9476923076923077
29,2800,2900,100,0,100,97,0.97,1400,1329.0,0.9492857142857143
30,2900,3000,100,0,100,99,0.99,1500,1428.0,0.952
31,3000,3100,100,0,100,97,0.97,1600,1525.0,0.953125
32,3100,3200,100,0,100,95,0.95,1700,1620.0,0.9529411764705882
33,3200,3300,100,0,100,95,0.95,1800,1715.0,0.9527777777777777
34,3300,3400,100,0,100,97,0.97,1900,1812.0,0.9536842105263158
35,3400,3500,100,0,100,94,0.94,2000,1906.0,0.953
36,3500,3600,100,0,100,99,0.99,2100,2005.0,0.9547619047619048
37,3600,3700,100,0,100,99,0.99,2200,2104.0,0.9563636363636364
38,3700,3800,100,0,100,99,0.99,2300,2203.0,0.9578260869565217
39,3800,3900,100,0,100,97,0.97,2400,2300.0,0.9583333333333334
40,3900,4000,100,0,100,100,1.0,2500,2400.0,0.96
41,4000,4100,100,0,100,95,0.95,2600,2495.0,0.9596153846153846
42,4100,4200,100,0,100,95,0.95,2700,2590.0,0.9592592592592593
43,4200,4300,100,0,100,97,0.97,2800,2687.0,0.9596428571428571
44,4300,4400,100,0,100,95,0.95,2900,2782.0,0.9593103448275863
45,4400,4500,100,0,100,98,0.98,3000,2880.0,0.96
46,4500,4600,100,0,100,92,0.92,3100,2972.0,0.9587096774193549
47,4600,4700,100,0,100,95,0.95,3200,3067.0,0.9584375
48,4700,4800,100,0,100,96,0.96,3300,3163.0,0.9584848484848485
49,4800,4900,100,0,100,97,0.97,3400,3260.0,0.9588235294117647
50,4900,5000,100,0,100,95,0.95,3500,3355.0,0.9585714285714285
51,5000,5100,100,0,100,93,0.93,3600,3448.0,0.9577777777777777
52,5100,5200,100,0,100,96,0.96,3700,3544.0,0.9578378378378378
53,5200,5300,100,0,100,93,0.93,3800,3637.0,0.9571052631578948
54,5300,5400,100,0,100,96,0.96,3900,3733.0,0.9571794871794872
55,5400,5500,100,0,100,98,0.98,4000,3831.0,0.95775
56,5500,5600,100,0,100,95,0.95,4100,3926.0,0.9575609756097561
57,5600,5700,100,0,100,97,0.97,4200,4023.0,0.9578571428571429
58,5700,5800,100,0,100,98,0.98,4300,4121.0,0.9583720930232558
59,5800,5900,100,0,100,94,0.94,4400,4215.0,0.9579545454545455
60,5900,6000,100,0,100,96,0.96,4500,4311.0,0.958
61,6000,6100,100,0,100,95,0.95,4600,4406.0,0.9578260869565217
62,6100,6200,100,0,100,94,0.94,4700,4500.0,0.9574468085106383
63,6200,6300,100,0,100,94,0.94,4800,4594.0,0.9570833333333333
64,6300,6400,100,0,100,97,0.97,4900,4691.0,0.9573469387755102
65,6400,6500,100,0,100,96,0.96,5000,4787.0,0.9574
66,6500,6600,100,0,100,89,0.89,5100,4876.0,0.956078431372549
67,6600,6700,100,0,100,93,0.93,5200,4969.0,0.9555769230769231
68,6700,6800,100,0,100,97,0.97,5300,5066.0,0.9558490566037736
69,6800,6900,100,0,100,94,0.94,5400,5160.0,0.9555555555555556
70,6900,7000,100,0,100,92,0.92,5500,5252.0,0.9549090909090909
71,7000,7100,100,0,100,93,0.93,5600,5345.0,0.9544642857142858
72,7100,7200,100,0,100,89,0.89,5700,5434.0,0.9533333333333334
73,7200,7300,100,0,100,94,0.94,5800,5528.0,0.953103448275862
74,7300,7400,100,0,100,97,0.97,5900,5625.0,0.9533898305084746
75,7400,7500,100,0,100,97,0.97,6000,5722.0,0.9536666666666667
76,7500,7600,100,0,100,97,0.97,6100,5819.0,0.9539344262295082
77,7600,7700,100,0,100,98,0.98,6200,5917.0,0.9543548387096774
78,7700,7800,100,0,100,94,0.94,6300,6011.0,0.9541269841269842
79,7800,7900,100,0,100,98,0.98,6400,6109.0,0.95453125
80,7900,8000,100,0,100,89,0.89,6500,6198.0,0.9535384615384616
81,8000,8100,100,0,100,99,0.99,6600,6297.0,0.9540909090909091
82,8100,8200,100,0,100,96,0.96,6700,6393.0,0.9541791044776119
83,8200,8300,100,0,100,97,0.97,6800,6490.0,0.9544117647058824
84,8300,8400,100,0,100,99,0.99,6900,6589.0,0.9549275362318841
85,8400,8500,100,0,100,93,0.93,7000,6682.0,0.9545714285714286
86,8500,8600,100,0,100,97,0.97,7100,6779.0,0.9547887323943662
87,8600,8700,100,0,100,98,0.98,7200,6877.0,0.9551388888888889
88,8700,8800,100,0,100,94,0.94,7300,6971.0,0.954931506849315
89,8800,8900,100,0,100,96,0.96,7400,7067.0,0.955
90,8900,9000,100,0,100,94,0.94,7500,7161.0,0.9548
91,9000,9100,100,0,100,98,0.98,7600,7259.0,0.9551315789473684
92,9100,9200,100,0,100,98,0.98,7700,7357.0,0.9554545454545454
93,9200,9300,100,0,100,96,0.96,7800,7453.0,0.9555128205128205
94,9300,9400,100,0,100,95,0.95,7900,7548.0,0.9554430379746836
95,9400,9500,100,0,100,97,0.97,8000,7645.0,0.955625
96,9500,9600,100,0,100,99,0.99,8100,7744.0,0.9560493827160493
97,9600,9700,100,0,100,96,0.96,8200,7840.0,0.9560975609756097
98,9700,9800,100,0,100,95,0.95,8300,7935.0,0.9560240963855422
99,9800,9900,100,0,100,95,0.95,8400,8030.0,0.955952380952381
100,9900,10000,100,0,100,97,0.97,8500,8127.0,0.9561176470588235
101,10000,10100,100,0,100,98,0.98,8600,8225.0,0.9563953488372093
102,10100,10200,100,0,100,98,0.98,8700,8323.0,0.9566666666666667
103,10200,10300,100,0,100,99,0.99,8800,8422.0,0.9570454545454545
104,10300,10400,100,0,100,94,0.94,8900,8516.0,0.9568539325842697
105,10400,10500,100,0,100,92,0.92,9000,8608.0,0.9564444444444444
106,10500,10600,100,0,100,95,0.95,9100,8703.0,0.9563736263736263
107,10600,10700,100,0,100,97,0.97,9200,8800.0,0.9565217391304348
108,10700,10800,100,0,100,96,0.96,9300,8896.0,0.9565591397849462
109,10800,10900,100,0,100,95,0.95,9400,8991.0,0.9564893617021276
110,10900,11000,100,0,100,98,0.98,9500,9089.0,0.9567368421052631
111,11000,11100,100,0,100,95,0.95,9600,9184.0,0.9566666666666667
112,11100,11200,100,0,100,95,0.95,9700,9279.0,0.9565979381443299
113,11200,11300,100,0,100,95,0.95,9800,9374.0,0.956530612244898
114,11300,11400,100,0,100,98,0.98,9900,9472.0,0.9567676767676768
115,11400,11500,100,0,100,99,0.99,10000,9571.0,0.9571
116,11500,11600,100,0,100,94,0.94,10100,9665.0,0.9569306930693069
117,11600,11700,100,0,100,91,0.91,10200,9756.0,0.9564705882352941
118,11700,11800,100,0,100,95,0.95,10300,9851.0,0.9564077669902913
119,11800,11900,100,0,100,93,0.93,10400,9944.0,0.9561538461538461
120,11900,12000,100,0,100,92,0.92,10500,10036.0,0.9558095238095238
121,12000,12100,100,0,100,95,0.95,10600,10131.0,0.9557547169811321
122,12100,12200,100,0,100,93,0.93,10700,10224.0,0.9555140186915888
123,12200,12300,100,0,100,98,0.98,10800,10322.0,0.9557407407407408
124,12300,12400,100,0,100,94,0.94,10900,10416.0,0.9555963302752294
125,12400,12500,100,0,100,95,0.95,11000,10511.0,0.9555454545454546
126,12500,12600,100,0,100,97,0.97,11100,10608.0,0.9556756756756757
127,12600,12700,100,0,100,96,0.96,11200,10704.0,0.9557142857142857
128,12700,12800,100,0,100,95,0.95,11300,10799.0,0.9556637168141593
129,12800,12900,100,0,100,97,0.97,11400,10896.0,0.9557894736842105
130,12900,13000,100,0,100,92,0.92,11500,10988.0,0.9554782608695652
131,13000,13100,100,0,100,94,0.94,11600,11082.0,0.9553448275862069
132,13100,13200,100,0,100,96,0.96,11700,11178.0,0.9553846153846154
133,13200,13300,100,0,100,96,0.96,11800,11274.0,0.9554237288135593
134,13300,13400,100,0,100,93,0.93,11900,11367.0,0.9552100840336134
135,13400,13500,100,0,100,94,0.94,12000,11461.0,0.9550833333333333
136,13500,13600,100,0,100,96,0.96,12100,11557.0,0.9551239669421487
137,13600,13700,100,0,100,97,0.97,12200,11654.0,0.9552459016393443
138,13700,13800,100,0,100,92,0.92,12300,11746.0,0.9549593495934959
139,13800,13900,100,0,100,96,0.96,12400,11842.0,0.955
140,13900,14000,100,0,100,98,0.98,12500,11940.0,0.9552
141,14000,14100,100,0,100,90,0.9,12600,12030.0,0.9547619047619048
142,14100,14200,100,0,100,97,0.97,12700,12127.0,0.9548818897637795
143,14200,14300,100,0,100,94,0.94,12800,12221.0,0.954765625
144,14300,14400,100,0,100,98,0.98,12900,12319.0,0.9549612403100776
145,14400,14500,100,0,100,95,0.95,13000,12414.0,0.9549230769230769
146,14500,14600,100,0,100,96,0.96,13100,12510.0,0.9549618320610687
147,14600,14700,100,0,100,94,0.94,13200,12604.0,0.9548484848484848
148,14700,14800,100,0,100,100,1.0,13300,12704.0,0.955187969924812
149,14800,14900,100,0,100,97,0.97,13400,12801.0,0.9552985074626865
150,14900,15000,100,0,100,96,0.96,13500,12897.0,0.9553333333333334
151,15000,15100,100,0,100,96,0.96,13600,12993.0,0.9553676470588235
152,15100,15200,100,0,100,97,0.97,13700,13090.0,0.9554744525547445
153,15200,15300,100,0,100,97,0.97,13800,13187.0,0.9555797101449275
154,15300,15400,100,0,100,96,0.96,13900,13283.0,0.9556115107913669
155,15400,15500,100,0,100,94,0.94,14000,13377.0,0.9555
156,15500,15600,100,0,100,97,0.97,14100,13474.0,0.9556028368794326
157,15600,15700,100,0,100,94,0.94,14200,13568.0,0.9554929577464789
158,15700,15800,100,0,100,95,0.95,14300,13663.0,0.9554545454545454
159,15800,15900,100,0,100,95,0.95,14400,13758.0,0.9554166666666667
160,15900,16000,100,0,100,95,0.95,14500,13853.0,0.9553793103448276
161,16000,16100,100,0,100,97,0.97,14600,13950.0,0.9554794520547946
162,16100,16200,100,0,100,93,0.93,14700,14043.0,0.9553061224489796
163,16200,16300,100,0,100,91,0.91,14800,14134.0,0.955
164,16300,16400,100,0,100,94,0.94,14900,14228.0,0.9548993288590604
165,16400,16500,100,0,100,97,0.97,15000,14325.0,0.955
166,16500,16600,100,0,100,97,0.97,15100,14422.0,0.9550993377483443
167,16600,16700,100,0,100,96,0.96,15200,14518.0,0.9551315789473684
168,16700,16800,100,0,100,94,0.94,15300,14612.0,0.9550326797385621
169,16800,16900,100,0,100,95,0.95,15400,14707.0,0.955
170,16900,17000,100,0,100,99,0.99,15500,14806.0,0.9552258064516129
171,17000,17100,100,0,100,96,0.96,15600,14902.0,0.9552564102564103
172,17100,17200,100,0,100,96,0.96,15700,14998.0,0.9552866242038217
173,17200,17300,100,0,100,96,0.96,15800,15094.0,0.9553164556962025
174,17300,17400,100,0,100,93,0.93,15900,15187.0,0.9551572327044026
175,17400,17500,100,0,100,92,0.92,16000,15279.0,0.9549375
176,17500,17600,100,0,100,95,0.95,16100,15374.0,0.9549068322981367
177,17600,17700,100,0,100,92,0.92,16200,15466.0,0.9546913580246914
178,17700,17800,100,0,100,94,0.94,16300,15560.0,0.9546012269938651
179,17800,17900,100,0,100,96,0.96,16400,15656.0,0.9546341463414634
180,17900,18000,100,0,100,94,0.94,16500,15750.0,0.9545454545454546
181,18000,18100,100,0,100,90,0.9,16600,15840.0,0.9542168674698795
182,18100,18200,100,0,100,95,0.95,16700,15935.0,0.954191616766467
183,18200,18300,100,0,100,97,0.97,16800,16032.0,0.9542857142857143
184,18300,18400,100,0,100,95,0.95,16900,16127.0,0.9542603550295858
185,18400,18500,100,0,100,98,0.98,17000,16225.0,0.9544117647058824
186,18500,18600,100,0,100,96,0.96,17100,16321.0,0.9544444444444444
187,18600,18700,100,0,100,97,0.97,17200,16418.0,0.9545348837209302
188,18700,18800,100,0,100,97,0.97,17300,16515.0,0.9546242774566474
189,18800,18900,100,0,100,96,0.96,17400,16611.0,0.954655172413793
190,18900,19000,100,0,100,95,0.95,17500,16706.0,0.9546285714285714
191,19000,19100,100,0,100,93,0.93,17600,16799.0,0.9544886363636363
192,19100,19200,100,0,100,94,0.94,17700,16893.0,0.954406779661017
193,19200,19300,100,0,100,94,0.94,17800,16987.0,0.9543258426966292
194,19300,19400,100,0,100,97,0.97,17900,17084.0,0.9544134078212291
195,19400,19500,100,0,100,88,0.88,18000,17172.0,0.954
196,19500,19600,100,0,100,93,0.93,18100,17265.0,0.9538674033149172
197,19600,19700,100,0,100,96,0.96,18200,17361.0,0.9539010989010989
198,19700,19800,100,0,100,95,0.95,18300,17456.0,0.953879781420765
199,19800,19900,100,0,100,96,0.96,18400,17552.0,0.9539130434782609
200,19900,20000,100,0,100,98,0.98,18500,17650.0,0.9540540540540541
201,20000,20100,100,0,100,89,0.89,18600,17739.0,0.9537096774193549
202,20100,20200,100,0,100,94,0.94,18700,17833.0,0.9536363636363636
203,20200,20300,100,0,100,89,0.89,18800,17922.0,0.9532978723404255
204,20300,20400,100,0,100,95,0.95,18900,18017.0,0.9532804232804233
205,20400,20500,100,0,100,93,0.93,19000,18110.0,0.9531578947368421
206,20500,20600,100,0,100,93,0.93,19100,18203.0,0.9530366492146597
207,20600,20700,100,0,100,94,0.94,19200,18297.0,0.95296875
208,20700,20800,100,0,100,94,0.94,19300,18391.0,0.952901554404145
209,20800,20900,100,0,100,95,0.95,19400,18486.0,0.9528865979381443
210,20900,21000,100,0,100,93,0.93,19500,18579.0,0.9527692307692308
211,21000,21100,100,0,100,94,0.94,19600,18673.0,0.9527040816326531
212,21100,21200,100,0,100,94,0.94,19700,18767.0,0.9526395939086294
213,21200,21300,100,0,100,94,0.94,19800,18861.0,0.9525757575757576
214,21300,21400,100,0,100,96,0.96,19900,18957.0,0.9526130653266331
215,21400,21500,100,0,100,94,0.94,20000,19051.0,0.95255
216,21500,21600,100,0,100,94,0.94,20100,19145.0,0.9524875621890547
217,21600,21700,100,0,100,95,0.95,20200,19240.0,0.9524752475247524
218,21700,21800,100,0,100,94,0.94,20300,19334.0,0.9524137931034483
219,21800,21900,100,0,100,90,0.9,20400,19424.0,0.952156862745098
220,21900,22000,100,0,100,96,0.96,20500,19520.0,0.9521951219512195
221,22000,22100,100,0,100,88,0.88,20600,19608.0,0.9518446601941748
222,22100,22200,100,0,100,95,0.95,20700,19703.0,0.9518357487922705
223,22200,22300,100,0,100,91,0.91,20800,19794.0,0.9516346153846154
224,22300,22400,100,0,100,94,0.94,20900,19888.0,0.9515789473684211
225,22400,22500,100,0,100,90,0.9,21000,19978.0,0.9513333333333334
226,22500,22600,100,0,100,93,0.93,21100,20071.0,0.9512322274881516
227,22600,22700,100,0,100,94,0.94,21200,20165.0,0.9511792452830189
228,22700,22800,100,0,100,92,0.92,21300,20257.0,0.9510328638497653
229,22800,22900,100,0,100,95,0.95,21400,20352.0,0.9510280373831775
230,22900,23000,100,0,100,96,0.96,21500,20448.0,0.9510697674418604
231,23000,23100,100,0,100,97,0.97,21600,20545.0,0.9511574074074074
232,23100,23200,100,0,100,95,0.95,21700,20640.0,0.9511520737327189
233,23200,23300,100,0,100,97,0.97,21800,20737.0,0.9512385321100918
234,23300,23400,100,0,100,95,0.95,21900,20832.0,0.9512328767123288
235,23400,23500,100,0,100,92,0.92,22000,20924.0,0.9510909090909091
236,23500,23600,100,0,100,95,0.95,22100,21019.0,0.9510859728506788
237,23600,23700,100,0,100,95,0.95,22200,21114.0,0.951081081081081
238,23700,23800,100,0,100,93,0.93,22300,21207.0,0.9509865470852018
239,23800,23900,100,0,100,93,0.93,22400,21300.0,0.9508928571428571
240,23900,24000,100,0,100,91,0.91,22500,21391.0,0.9507111111111111
241,24000,24100,100,0,100,94,0.94,22600,21485.0,0.9506637168141593
242,24100,24200,100,0,100,96,0.96,22700,21581.0,0.9507048458149779
243,24200,24300,100,0,100,95,0.95,22800,21676.0,0.9507017543859649
244,24300,24400,100,0,100,94,0.94,22900,21770.0,0.9506550218340611
245,24400,24500,100,0,100,91,0.91,23000,21861.0,0.9504782608695652
246,24500,24600,100,0,100,92,0.92,23100,21953.0,0.9503463203463204
247,24600,24700,100,0,100,95,0.95,23200,22048.0,0.9503448275862069
248,24700,24800,100,0,100,95,0.95,23300,22143.0,0.950343347639485
249,24800,24900,100,0,100,92,0.92,23400,22235.0,0.9502136752136752
250,24900,25000,100,0,100,95,0.95,23500,22330.0,0.9502127659574469
251,25000,25100,100,0,100,95,0.95,23600,22425.0,0.9502118644067796
252,25100,25200,100,0,100,92,0.92,23700,22517.0,0.950084388185654
253,25200,25300,100,0,100,89,0.89,23800,22606.0,0.9498319327731093
254,25300,25400,100,0,100,93,0.93,23900,22699.0,0.9497489539748954
255,25400,25500,100,0,100,95,0.95,24000,22794.0,0.94975
256,25500,25600,100,0,100,95,0.95,24100,22889.0,0.9497510373443984
257,25600,25700,100,0,100,91,0.91,24200,22980.0,0.9495867768595041
258,25700,25800,100,0,100,97,0.97,24300,23077.0,0.9496707818930041
259,25800,25900,100,0,100,94,0.94,24400,23171.0,0.9496311475409837
260,25900,26000,100,0,100,94,0.94,24500,23265.0,0.9495918367346938
261,26000,26100,100,0,100,96,0.96,24600,23361.0,0.9496341463414634
262,26100,26200,100,0,100,94,0.94,24700,23455.0,0.9495951417004048
263,26200,26300,100,0,100,93,0.93,24800,23548.0,0.949516129032258
264,26300,26400,100,0,100,96,0.96,24900,23644.0,0.9495582329317269
265,26400,26500,100,0,100,93,0.93,25000,23737.0,0.94948
266,26500,26600,100,0,100,97,0.97,25100,23834.0,0.9495617529880478
267,26600,26700,100,0,100,88,0.88,25200,23922.0,0.9492857142857143
268,26700,26800,100,0,100,95,0.95,25300,24017.0,0.9492885375494071
269,26800,26900,100,0,100,94,0.94,25400,24111.0,0.949251968503937
270,26900,27000,100,0,100,98,0.98,25500,24209.0,0.9493725490196079
271,27000,27100,100,0,100,97,0.97,25600,24306.0,0.949453125
272,27100,27200,100,0,100,93,0.93,25700,24399.0,0.9493774319066148
273,27200,27300,100,0,100,95,0.95,25800,24494.0,0.9493798449612403
274,27300,27400,100,0,100,92,0.92,25900,24586.0,0.9492664092664093
275,27400,27500,100,0,100,96,0.96,26000,24682.0,0.9493076923076923
276,27500,27600,100,0,100,90,0.9,26100,24772.0,0.9491187739463601
277,27600,27700,100,0,100,97,0.97,26200,24869.0,0.9491984732824428
278,27700,27800,100,0,100,91,0.91,26300,24960.0,0.9490494296577947
279,27800,27900,100,0,100,95,0.95,26400,25055.0,0.9490530303030303
280,27900,28000,100,0,100,94,0.94,26500,25149.0,0.9490188679245283
281,28000,28100,100,0,100,94,0.94,26600,25243.0,0.948984962406015
282,28100,28200,100,0,100,90,0.9,26700,25333.0,0.9488014981273408
283,28200,28300,100,0,100,92,0.92,26800,25425.0,0.9486940298507462
284,28300,28400,100,0,100,95,0.95,26900,25520.0,0.9486988847583643
285,28400,28500,100,0,100,94,0.94,27000,25614.0,0.9486666666666667
286,28500,28600,100,0,100,96,0.96,27100,25710.0,0.9487084870848709
287,28600,28700,100,0,100,95,0.95,27200,25805.0,0.9487132352941177
288,28700,28800,100,0,100,94,0.94,27300,25899.0,0.9486813186813187
289,28800,28900,100,0,100,95,0.95,27400,25994.0,0.9486861313868613
290,28900,29000,100,0,100,97,0.97,27500,26091.0,0.9487636363636364
291,29000,29100,100,0,100,96,0.96,27600,26187.0,0.9488043478260869
292,29100,29200,100,0,100,92,0.92,27700,26279.0,0.9487003610108303
293,29200,29300,100,0,100,93,0.93,27800,26372.0,0.9486330935251799
294,29300,29400,100,0,100,98,0.98,27900,26470.0,0.9487455197132616
295,29400,29500,100,0,100,95,0.95,28000,26565.0,0.94875
296,29500,29600,100,0,100,97,0.97,28100,26662.0,0.9488256227758007
297,29600,29700,100,0,100,89,0.89,28200,26751.0,0.9486170212765958
298,29700,29800,100,0,100,95,0.95,28300,26846.0,0.9486219081272085
299,29800,29900,100,0,100,91,0.91,28400,26937.0,0.9484859154929578
300,29900,30000,100,0,100,91,0.91,28500,27028.0,0.9483508771929825
301,30000,30100,100,0,100,96,0.96,28600,27124.0,0.9483916083916084
302,30100,30200,100,0,100,97,0.97,28700,27221.0,0.9484668989547038
303,30200,30300,100,0,100,94,0.94,28800,27315.0,0.9484375
304,30300,30400,100,0,100,95,0.95,28900,27410.0,0.9484429065743945
305,30400,30500,100,0,100,90,0.9,29000,27500.0,0.9482758620689655
306,30500,30600,100,0,100,93,0.93,29100,27593.0,0.948213058419244
307,30600,30700,100,0,100,95,0.95,29200,27688.0,0.9482191780821918
308,30700,30800,100,0,100,97,0.97,29300,27785.0,0.9482935153583618
309,30800,30900,100,0,100,94,0.94,29400,27879.0,0.948265306122449
310,30900,31000,100,0,100,89,0.89,29500,27968.0,0.9480677966101695
311,31000,31100,100,0,100,93,0.93,29600,28061.0,0.9480067567567567
312,31100,31200,100,0,100,92,0.92,29700,28153.0,0.9479124579124579
313,31200,31300,100,0,100,96,0.96,29800,28249.0,0.9479530201342282
314,31300,31400,100,0,100,95,0.95,29900,28344.0,0.9479598662207358
315,31400,31500,100,0,100,95,0.95,30000,28439.0,0.9479666666666666
316,31500,31600,100,0,100,96,0.96,30100,28535.0,0.9480066445182724
317,31600,31700,100,0,100,93,0.93,30200,28628.0,0.9479470198675497
318,31700,31800,100,0,100,93,0.93,30300,28721.0,0.9478877887788779
319,31800,31900,100,0,100,94,0.94,30400,28815.0,0.9478618421052631
320,31900,32000,100,0,100,92,0.92,30500,28907.0,0.9477704918032787
321,32000,32100,100,0,100,99,0.99,30600,29006.0,0.9479084967320262
322,32100,32200,100,0,100,93,0.93,30700,29099.0,0.9478501628664495
323,32200,32300,100,0,100,97,0.97,30800,29196.0,0.9479220779220779
324,32300,32400,100,0,100,94,0.94,30900,29290.0,0.9478964401294498
325,32400,32500,100,0,100,97,0.97,31000,29387.0,0.9479677419354838
326,32500,32600,100,0,100,96,0.96,31100,29483.0,0.9480064308681672
327,32600,32700,100,0,100,92,0.92,31200,29575.0,0.9479166666666666
328,32700,32800,100,0,100,93,0.93,31300,29668.0,0.9478594249201278
329,32800,32900,100,0,100,95,0.95,31400,29763.0,0.9478662420382166
330,32900,33000,100,0,100,96,0.96,31500,29859.0,0.9479047619047619
331,33000,33100,100,0,100,97,0.97,31600,29956.0,0.9479746835443038
332,33100,33200,100,0,100,96,0.96,31700,30052.0,0.9480126182965299
333,33200,33300,100,0,100,94,0.94,31800,30146.0,0.9479874213836478
334,33300,33400,100,0,100,90,0.9,31900,30236.0,0.9478369905956113
335,33400,33500,100,0,100,92,0.92,32000,30328.0,0.94775
336,33500,33600,100,0,100,95,0.95,32100,30423.0,0.9477570093457944
337,33600,33700,100,0,100,96,0.96,32200,30519.0,0.9477950310559006
338,33700,33800,100,0,100,93,0.93,32300,30612.0,0.9477399380804954
339,33800,33900,100,0,100,97,0.97,32400,30709.0,0.9478086419753087
340,33900,34000,100,0,100,91,0.91,32500,30800.0,0.9476923076923077
341,34000,34100,100,0,100,96,0.96,32600,30896.0,0.9477300613496933
342,34100,34200,100,0,100,91,0.91,32700,30987.0,0.9476146788990826
343,34200,34300,100,0,100,98,0.98,32800,31085.0,0.9477134146341464
344,34300,34400,100,0,100,91,0.91,32900,31176.0,0.9475987841945289
345,34400,34500,100,0,100,95,0.95,33000,31271.0,0.9476060606060606
346,34500,34600,100,0,100,96,0.96,33100,31367.0,0.9476435045317221
347,34600,34700,100,0,100,94,0.94,33200,31461.0,0.9476204819277109
348,34700,34800,100,0,100,92,0.92,33300,31553.0,0.9475375375375376
349,34800,34900,100,0,100,89,0.89,33400,31642.0,0.9473652694610778
350,34900,35000,100,0,100,94,0.94,33500,31736.0,0.9473432835820895
351,35000,35100,100,0,100,93,0.93,33600,31829.0,0.9472916666666666
352,35100,35200,100,0,100,97,0.97,33700,31926.0,0.9473590504451038
353,35200,35300,100,0,100,96,0.96,33800,32022.0,0.947396449704142
354,35300,35400,100,0,100,96,0.96,33900,32118.0,0.947433628318584
355,35400,35500,100,0,100,93,0.93,34000,32211.0,0.9473823529411765
356,35500,35600,100,0,100,85,0.85,34100,32296.0,0.9470967741935484
357,35600,35700,100,0,100,96,0.96,34200,32392.0,0.9471345029239766
358,35700,35800,100,0,100,93,0.93,34300,32485.0,0.9470845481049562
359,35800,35900,100,0,100,98,0.98,34400,32583.0,0.9471802325581395
360,35900,36000,100,0,100,92,0.92,34500,32675.0,0.9471014492753623
361,36000,36100,100,0,100,91,0.91,34600,32766.0,0.9469942196531792
362,36100,36200,100,0,100,99,0.99,34700,32865.0,0.9471181556195966
363,36200,36300,100,0,100,96,0.96,34800,32961.0,0.9471551724137931
364,36300,36400,100,0,100,89,0.89,34900,33050.0,0.9469914040114613
365,36400,36500,100,0,100,91,0.91,35000,33141.0,0.9468857142857143
366,36500,36600,100,0,100,93,0.93,35100,33234.0,0.9468376068376069
367,36600,36700,100,0,100,97,0.97,35200,33331.0,0.9469034090909091
368,36700,36800,100,0,100,90,0.9,35300,33421.0,0.9467705382436261
369,36800,36900,100,0,100,96,0.96,35400,33517.0,0.9468079096045198
370,36900,37000,100,0,100,95,0.95,35500,33612.0,0.9468169014084507
371,37000,37100,100,0,100,93,0.93,35600,33705.0,0.9467696629213483
372,37100,37200,100,0,100,88,0.88,35700,33793.0,0.9465826330532213
373,37200,37300,100,0,100,98,0.98,35800,33891.0,0.9466759776536313
374,37300,37400,100,0,100,93,0.93,35900,33984.0,0.9466295264623955
375,37400,37500,100,0,100,92,0.92,36000,34076.0,0.9465555555555556
376,37500,37600,100,0,100,92,0.92,36100,34168.0,0.9464819944598338
377,37600,37700,100,0,100,94,0.94,36200,34262.0,0.9464640883977901
378,37700,37800,100,0,100,94,0.94,36300,34356.0,0.9464462809917356
379,37800,37900,100,0,100,96,0.96,36400,34452.0,0.9464835164835165
380,37900,38000,100,0,100,94,0.94,36500,34546.0,0.9464657534246576
381,38000,38100,100,0,100,94,0.94,36600,34640.0,0.946448087431694
382,38100,38200,100,0,100,91,0.91,36700,34731.0,0.9463487738419618
383,38200,38300,100,0,100,93,0.93,36800,34824.0,0.946304347826087
384,38300,38400,100,0,100,92,0.92,36900,34916.0,0.9462330623306233
385,38400,38500,100,0,100,95,0.95,37000,35011.0,0.9462432432432433
386,38500,38600,100,0,100,95,0.95,37100,35106.0,0.9462533692722372
387,38600,38700,100,0,100,91,0.91,37200,35197.0,0.9461559139784946
388,38700,38800,100,0,100,91,0.91,37300,35288.0,0.946058981233244
389,38800,38900,100,0,100,91,0.91,37400,35379.0,0.9459625668449197
390,38900,39000,100,0,100,98,0.98,37500,35477.0,0.9460533333333333
391,39000,39100,100,0,100,95,0.95,37600,35572.0,0.946063829787234
392,39100,39200,100,0,100,95,0.95,37700,35667.0,0.9460742705570292
393,39200,39300,100,0,100,96,0.96,37800,35763.0,0.9461111111111111
394,39300,39400,100,0,100,90,0.9,37900,35853.0,0.9459894459102902
395,39400,39500,100,0,100,94,0.94,38000,35947.0,0.9459736842105263
396,39500,39600,100,0,100,93,0.93,38100,36040.0,0.9459317585301837
397,39600,39700,100,0,100,94,0.94,38200,36134.0,0.9459162303664922
398,39700,39800,100,0,100,97,0.97,38300,36231.0,0.9459791122715405
399,39800,39900,100,0,100,98,0.98,38400,36329.0,0.9460677083333333
400,39900,40000,100,0,100,98,0.98,38500,36427.0,0.9461558441558442
401,40000,40100,100,0,100,93,0.93,38600,36520.0,0.9461139896373058
402,40100,40200,100,0,100,92,0.92,38700,36612.0,0.946046511627907
403,40200,40300,100,0,100,95,0.95,38800,36707.0,0.9460567010309279
404,40300,40400,100,0,100,88,0.88,38900,36795.0,0.9458868894601542
405,40400,40500,100,0,100,95,0.95,39000,36890.0,0.9458974358974359
406,40500,40600,100,0,100,98,0.98,39100,36988.0,0.9459846547314578
407,40600,40700,100,0,100,95,0.95,39200,37083.0,0.9459948979591837
408,40700,40800,100,0,100,94,0.94,39300,37177.0,0.9459796437659033
409,40800,40900,100,0,100,96,0.96,39400,37273.0,0.946015228426396
410,40900,41000,100,0,100,94,0.94,39500,37367.0,0.946
411,41000,41100,100,0,100,97,0.97,39600,37464.0,0.946060606060606
412,41100,41200,100,0,100,98,0.98,39700,37562.0,0.9461460957178841
413,41200,41300,100,0,100,99,0.99,39800,37661.0,0.9462562814070352
414,41300,41400,100,0,100,91,0.91,39900,37752.0,0.9461654135338345
415,41400,41500,100,0,100,94,0.94,40000,37846.0,0.94615
416,41500,41600,100,0,100,96,0.96,40100,37942.0,0.9461845386533666
417,41600,41700,100,0,100,98,0.98,40200,38040.0,0.9462686567164179
418,41700,41800,100,0,100,98,0.98,40300,38138.0,0.9463523573200993
419,41800,41900,100,0,100,97,0.97,40400,38235.0,0.9464108910891089
420,41900,42000,100,0,100,88,0.88,40500,38323.0,0.9462469135802469
421,42000,42100,100,0,100,96,0.96,40600,38419.0,0.9462807881773398
422,42100,42200,100,0,100,99,0.99,40700,38518.0,0.9463882063882064
423,42200,42300,100,0,100,94,0.94,40800,38612.0,0.9463725490196079
424,42300,42400,100,0,100,90,0.9,40900,38702.0,0.9462591687041565
425,42400,42500,100,0,100,95,0.95,41000,38797.0,0.9462682926829268
426,42500,42600,100,0,100,93,0.93,41100,38890.0,0.9462287104622871
427,42600,42700,100,0,100,99,0.99,41200,38989.0,0.9463349514563106
428,42700,42800,100,0,100,90,0.9,41300,39079.0,0.9462227602905569
429,42800,42900,100,0,100,94,0.94,41400,39173.0,0.946207729468599
430,42900,43000,100,0,100,97,0.97,41500,39270.0,0.9462650602409639
431,43000,43100,100,0,100,95,0.95,41600,39365.0,0.9462740384615385
432,43100,43200,100,0,100,91,0.91,41700,39456.0,0.9461870503597122
433,43200,43300,100,0,100,95,0.95,41800,39551.0,0.9461961722488038
434,43300,43400,100,0,100,97,0.97,41900,39648.0,0.9462529832935561
435,43400,43500,100,0,100,97,0.97,42000,39745.0,0.9463095238095238
436,43500,43600,100,0,100,97,0.97,42100,39842.0,0.9463657957244656
437,43600,43700,100,0,100,92,0.92,42200,39934.0,0.946303317535545
438,43700,43800,100,0,100,95,0.95,42300,40029.0,0.9463120567375887
439,43800,43900,100,0,100,93,0.93,42400,40122.0,0.9462735849056604
440,43900,44000,100,0,100,93,0.93,42500,40215.0,0.9462352941176471
441,44000,44100,100,0,100,92,0.92,42600,40307.0,0.9461737089201878
442,44100,44200,100,0,100,95,0.95,42700,40402.0,0.9461826697892272
443,44200,44300,100,0,100,95,0.95,42800,40497.0,0.9461915887850467
444,44300,44400,100,0,100,94,0.94,42900,40591.0,0.9461771561771561
445,44400,44500,100,0,100,95,0.95,43000,40686.0,0.9461860465116279
446,44500,44600,100,0,100,97,0.97,43100,40783.0,0.9462412993039443
447,44600,44700,100,0,100,95,0.95,43200,40878.0,0.94625
448,44700,44800,100,0,100,95,0.95,43300,40973.0,0.9462586605080832
449,44800,44900,100,0,100,99,0.99,43400,41072.0,0.9463594470046083
450,44900,45000,100,0,100,94,0.94,43500,41166.0,0.9463448275862069
451,45000,45100,100,0,100,93,0.93,43600,41259.0,0.9463073394495413
452,45100,45200,100,0,100,98,0.98,43700,41357.0,0.9463844393592677
453,45200,45300,100,0,100,92,0.92,43800,41449.0,0.946324200913242
454,45300,45311,11,0,11,10,0.9090909090909091,43811,41459.0,0.9463148524343201
