window_size,window_acc,global_acc,macro_f1,global_samples
100,0.43,0.43,0.29951400035669695,100
100,0.66,0.545,0.6177672888199204,200
100,0.51,0.5333333333333333,0.5117085235920853,300
100,0.56,0.54,0.4331439046512576,400
100,0.69,0.57,0.6643929252362988,500
100,0.69,0.59,0.668780193236715,600
100,0.78,0.6171428571428571,0.7703285992759676,700
100,0.83,0.64375,0.8073418003565063,800
100,0.53,0.6311111111111111,0.49320787907744434,900
100,0.47,0.615,0.4290850578960335,1000
100,0.74,0.6263636363636363,0.7402083935466179,1100
100,0.74,0.6358333333333334,0.727582605750414,1200
100,0.85,0.6523076923076923,0.8487082479667226,1300
100,0.86,0.6671428571428571,0.8413360295371097,1400
100,0.65,0.666,0.6214641522860701,1500
100,0.5,0.655625,0.48188758934372966,1600
100,0.64,0.6547058823529411,0.5694771241830066,1700
100,0.75,0.66,0.7,1800
100,0.8,0.6673684210526316,0.762900670604159,1900
100,0.81,0.6745,0.8095082822485978,2000
100,0.54,0.6680952380952381,0.5592229378090033,2100
100,0.54,0.6622727272727272,0.5131662149954833,2200
100,0.71,0.6643478260869565,0.7367662473794548,2300
100,0.65,0.66375,0.6026618492315903,2400
100,0.78,0.6684,0.7763824596406479,2500
100,0.82,0.6742307692307692,0.7769839900297191,2600
100,0.66,0.6737037037037037,0.5951686970591035,2700
100,0.8,0.6782142857142858,0.7741137123745818,2800
100,0.87,0.6848275862068965,0.865682601355258,2900
100,0.91,0.6923333333333334,0.8986294517807123,3000
100,0.88,0.6983870967741935,0.8849302273332447,3100
100,0.83,0.7025,0.8261585409126393,3200
100,0.64,0.7006060606060606,0.5750931196851501,3300
100,0.78,0.7029411764705882,0.7839857207250716,3400
100,0.85,0.7071428571428572,0.8455267767767768,3500
100,0.86,0.7113888888888888,0.8626916037520018,3600
100,0.9,0.7164864864864865,0.893638898920589,3700
100,0.86,0.7202631578947368,0.857157029478458,3800
100,0.87,0.7241025641025641,0.8612926801532145,3900
100,0.5,0.7185,0.4751633537382214,4000
100,0.86,0.7219512195121951,0.8446969696969697,4100
100,0.88,0.7257142857142858,0.8674106083151146,4200
100,0.91,0.73,0.9088332302618017,4300
100,0.87,0.7331818181818182,0.8742138364779874,4400
100,0.85,0.7357777777777778,0.8509437189941267,4500
100,0.82,0.7376086956521739,0.8200284516322253,4600
100,0.85,0.74,0.8486686210352062,4700
100,0.83,0.741875,0.8144418583424607,4800
100,0.83,0.7436734693877551,0.8392045454545455,4900
100,0.81,0.745,0.7924280021054215,5000
100,0.69,0.743921568627451,0.24255729278218036,5100
100,0.79,0.7448076923076923,0.3659395591910929,5200
100,0.86,0.7469811320754717,0.5415955995224288,5300
100,0.9,0.7498148148148148,0.8280319333942003,5400
100,0.88,0.7521818181818182,0.4513002745921499,5500
100,0.85,0.7539285714285714,0.6561224489795918,5600
100,0.92,0.7568421052631579,0.6718743667679837,5700
100,0.94,0.76,0.8374268311975952,5800
100,0.92,0.7627118644067796,0.801062091503268,5900
100,0.95,0.7658333333333334,0.8167366946778711,6000
100,0.98,0.769344262295082,0.8301282051282051,6100
100,0.95,0.772258064516129,0.8125551876379691,6200
100,0.96,0.7752380952380953,0.6782997762863534,6300
100,0.97,0.77828125,0.7167477696674777,6400
100,0.93,0.7806153846153846,0.8112894093807737,6500
100,0.99,0.7837878787878788,0.9149659863945578,6600
100,0.95,0.7862686567164179,0.7592876618950238,6700
100,0.94,0.7885294117647059,0.6170474262579526,6800
100,0.93,0.7905797101449276,0.6226731601731602,6900
100,0.91,0.7922857142857143,0.7076747453459782,7000
100,0.95,0.7945070422535211,0.8469246031746032,7100
100,0.92,0.79625,0.7902067027894843,7200
100,0.95,0.7983561643835616,0.8623580020046776,7300
100,0.98,0.8008108108108108,0.9259334415584415,7400
100,0.98,0.8032,0.9460467205750225,7500
100,0.95,0.8051315789473684,0.6449664429530202,7600
100,0.94,0.8068831168831169,0.8073880715076728,7700
100,0.95,0.8087179487179487,0.9152949487813494,7800
100,0.94,0.810379746835443,0.836496151713543,7900
100,0.94,0.812,0.8691808191808192,8000
100,0.94,0.8135802469135802,0.8751336898395722,8100
100,1.0,0.8158536585365853,1.0,8200
100,0.92,0.8171084337349398,0.724937343358396,8300
100,0.94,0.8185714285714286,0.7697897340754484,8400
100,0.98,0.8204705882352941,0.6546412244086662,8500
100,0.95,0.8219767441860465,0.8733766233766234,8600
100,0.95,0.8234482758620689,0.8605630630630631,8700
100,0.92,0.8245454545454546,0.8184523809523809,8800
100,0.93,0.8257303370786517,0.8926803210339795,8900
100,0.93,0.8268888888888889,0.8331391875746714,9000
100,0.98,0.8285714285714286,0.9873400852878464,9100
100,0.92,0.8295652173913044,0.624911629551078,9200
100,0.98,0.8311827956989247,0.9841216216216215,9300
100,0.91,0.8320212765957447,0.575587084148728,9400
100,0.95,0.8332631578947368,0.8108974358974359,9500
100,0.98,0.8347916666666667,0.7382928905917412,9600
100,0.95,0.835979381443299,0.7800638371290545,9700
100,0.95,0.8371428571428572,0.6499084249084249,9800
100,0.95,0.8382828282828283,0.8178496738535079,9900
100,0.85,0.8384,0.8017776825872778,10000
100,0.73,0.8373267326732673,0.42634660421545667,10100
100,0.91,0.8380392156862745,0.6520199967985421,10200
100,0.85,0.8381553398058252,0.7393592939396845,10300
100,0.9,0.83875,0.6657229344729345,10400
100,0.86,0.838952380952381,0.5671428571428572,10500
100,0.94,0.8399056603773585,0.8317079525412858,10600
100,0.82,0.8397196261682243,0.4120501893939394,10700
100,0.87,0.84,0.5282738095238095,10800
100,0.87,0.8402752293577982,0.591804244614914,10900
100,0.89,0.8407272727272728,0.7529819471308833,11000
100,0.91,0.8413513513513513,0.7950716845878136,11100
100,0.92,0.8420535714285714,0.7059638554216867,11200
100,0.75,0.8412389380530974,0.5777777777777777,11300
100,0.94,0.8421052631578947,0.8555819180819182,11400
100,0.96,0.8431304347826087,0.9146127681841968,11500
100,0.96,0.8441379310344828,0.8670268107242898,11600
100,0.93,0.8448717948717949,0.7773660067600194,11700
100,0.94,0.8456779661016949,0.87621609023528,11800
100,0.79,0.8452100840336134,0.4660966712266302,11900
100,0.94,0.846,0.8343760640108955,12000
100,0.95,0.8468595041322314,0.8141252955082742,12100
100,0.96,0.8477868852459016,0.9018843404808317,12200
100,0.96,0.84869918699187,0.9289179812435626,12300
100,0.96,0.8495967741935484,0.916311077643909,12400
100,0.94,0.85032,0.8063473610788189,12500
100,0.95,0.8511111111111112,0.7955475691324747,12600
100,0.94,0.8518110236220472,0.8745210727969349,12700
100,0.88,0.85203125,0.6840350509705349,12800
100,0.92,0.8525581395348837,0.8587503183091418,12900
100,0.88,0.8527692307692307,0.7242101869761445,13000
100,0.88,0.8529770992366412,0.6801120448179272,13100
100,0.93,0.853560606060606,0.8116232059834243,13200
100,0.96,0.8543609022556391,0.9301335383131368,13300
100,0.97,0.8552238805970149,0.906149913771865,13400
100,0.96,0.856,0.9009286950463422,13500
100,0.92,0.8564705882352941,0.813867788026768,13600
100,0.76,0.8557664233576643,0.5478094165594166,13700
100,0.94,0.8563768115942029,0.8818181818181818,13800
100,0.9,0.8566906474820144,0.6862376518733907,13900
100,0.93,0.8572142857142857,0.9113255165886744,14000
100,0.96,0.8579432624113476,0.8326333992094862,14100
100,0.96,0.8586619718309859,0.9188453159041394,14200
100,0.96,0.8593706293706294,0.883008658008658,14300
100,0.97,0.8601388888888889,0.9607413140694875,14400
100,0.97,0.8608965517241379,0.9388639176600873,14500
100,0.99,0.8617808219178082,0.9693486590038314,14600
100,0.98,0.8625850340136054,0.9389259483862273,14700
100,0.95,0.8631756756756757,0.8058548977903817,14800
100,0.87,0.8632214765100671,0.8412113412113412,14900
100,0.83,0.863,0.704004329004329,15000
100,0.17,0.8584105960264901,0.13520408163265307,15100
100,0.19,0.8540131578947369,0.16805393680393682,15200
100,0.25,0.8500653594771241,0.2486429350791053,15300
100,0.31,0.8465584415584415,0.29270878978887876,15400
100,0.48,0.8441935483870968,0.44061157796451916,15500
100,0.69,0.8432051282051282,0.6963992642897567,15600
100,0.67,0.8421019108280254,0.5944468223879988,15700
100,0.8,0.8418354430379746,0.7818181818181819,15800
100,0.77,0.8413836477987421,0.7097222222222223,15900
100,0.9,0.84175,0.8978174603174602,16000
100,0.66,0.8406211180124223,0.673590494191407,16100
100,0.59,0.8390740740740741,0.4485553206483439,16200
100,0.76,0.8385889570552147,0.7490713127989427,16300
100,0.83,0.8385365853658536,0.8205211949766404,16400
100,0.84,0.8385454545454546,0.795534595203195,16500
100,0.86,0.8386746987951808,0.8669530405306684,16600
100,0.71,0.8379041916167664,0.7348039215686275,16700
100,0.83,0.8378571428571429,0.8641622574955907,16800
100,0.95,0.8385207100591716,0.9346844051101747,16900
100,0.88,0.838764705882353,0.8723581953689481,17000
100,0.94,0.8393567251461989,0.9506155207788551,17100
100,0.88,0.839593023255814,0.8303571428571428,17200
100,0.94,0.8401734104046242,0.9114785945747976,17300
100,0.58,0.8386781609195403,0.5526315789473684,17400
100,0.83,0.8386285714285714,0.8018774085381113,17500
100,0.97,0.839375,0.9666998807499312,17600
100,0.89,0.8396610169491525,0.8836673651341468,17700
100,0.95,0.8402808988764044,0.9398761698414131,17800
100,0.98,0.8410614525139665,0.9842549436626091,17900
100,0.93,0.8415555555555555,0.9281467041525034,18000
100,0.88,0.841767955801105,0.8739688552188551,18100
100,0.89,0.842032967032967,0.886667122413636,18200
100,0.89,0.8422950819672131,0.888618326118326,18300
100,0.89,0.842554347826087,0.8710623869801085,18400
100,0.91,0.8429189189189189,0.906988522041339,18500
100,0.93,0.8433870967741935,0.8699624327342877,18600
100,0.91,0.8437433155080214,0.8965059588299025,18700
100,0.94,0.8442553191489361,0.9493589743589743,18800
100,0.9,0.8445502645502645,0.8885886426870034,18900
100,0.92,0.8449473684210527,0.921573550952082,19000
100,0.93,0.8453926701570681,0.9255555555555556,19100
100,0.9,0.8456770833333334,0.8608500417710944,19200
100,0.93,0.8461139896373057,0.914887033308086,19300
100,0.95,0.8466494845360825,0.956408065618592,19400
100,0.92,0.847025641025641,0.9151506140801413,19500
100,0.9,0.847295918367347,0.8713712757830405,19600
100,0.95,0.8478172588832488,0.9472724987430869,19700
100,0.9,0.8480808080808081,0.8760548757879125,19800
100,0.93,0.8484924623115578,0.9461076280041797,19900
100,0.85,0.8485,0.826042445607663,20000
100,0.55,0.8470149253731343,0.3975694444444444,20100
100,0.75,0.8465346534653465,0.4993588399935884,20200
100,0.85,0.846551724137931,0.6364212644907726,20300
100,0.84,0.8465196078431373,0.7285176466359977,20400
100,0.92,0.8468780487804878,0.6852344649021864,20500
100,0.87,0.8469902912621359,0.6566739883416406,20600
100,0.92,0.8473429951690822,0.7048117839607202,20700
100,0.96,0.8478846153846153,0.9421026983090696,20800
100,0.96,0.848421052631579,0.9764673311184939,20900
100,0.94,0.8488571428571429,0.7031241772707327,21000
100,0.93,0.8492417061611375,0.8013382082691578,21100
100,0.96,0.8497641509433962,0.9166626471155701,21200
100,0.94,0.85018779342723,0.8490140729831452,21300
100,0.93,0.8505607476635514,0.8750884301241237,21400
100,0.92,0.8508837209302326,0.8176926448322576,21500
100,0.95,0.8513425925925926,0.7161672690824044,21600
100,0.89,0.8515207373271889,0.7928394858272907,21700
100,0.96,0.8520183486238532,0.9149107418685732,21800
100,0.96,0.8525114155251141,0.8942051900803852,21900
100,0.95,0.8529545454545454,0.7127168696936139,22000
100,0.92,0.8532579185520363,0.79642653503413,22100
100,0.96,0.8537387387387387,0.9460450326303829,22200
100,0.96,0.8542152466367713,0.8911599099099099,22300
100,0.94,0.8545982142857143,0.8608630047910408,22400
100,0.94,0.8549777777777777,0.8752470419137086,22500
100,0.93,0.8553097345132743,0.7062538699690402,22600
100,0.96,0.8557709251101322,0.8926521239954076,22700
100,0.94,0.856140350877193,0.9548394245879841,22800
100,0.95,0.8565502183406114,0.920344560588463,22900
100,0.96,0.857,0.8882706766917292,23000
100,0.93,0.8573160173160174,0.8176964793741109,23100
100,0.94,0.8576724137931034,0.8679928989139515,23200
100,0.9,0.8578540772532189,0.6955350790167253,23300
100,0.96,0.8582905982905983,0.965270267022376,23400
100,0.94,0.8586382978723405,0.8752173913043478,23500
100,0.96,0.8590677966101695,0.9513144077347808,23600
100,0.97,0.859535864978903,0.9737772695285011,23700
100,0.97,0.86,0.9782049781523097,23800
100,0.93,0.8602928870292887,0.9404231389525507,23900
100,0.9,0.8604583333333333,0.8268710846542804,24000
100,0.9,0.8606224066390041,0.8781390817196444,24100
100,0.93,0.860909090909091,0.9027529761904762,24200
100,0.94,0.8612345679012345,0.9252108930863745,24300
100,0.92,0.8614754098360655,0.874093137254902,24400
100,0.95,0.8618367346938776,0.9004287807594773,24500
100,0.96,0.8622357723577235,0.8732035607035606,24600
100,0.97,0.8626720647773279,0.9780355303611118,24700
100,0.97,0.8631048387096775,0.7340018371096142,24800
100,0.9,0.8632530120481928,0.8769050571861651,24900
100,0.89,0.86336,0.8458288009371601,25000
100,0.6,0.8623107569721116,0.3444741532976827,25100
100,0.36,0.8603174603174604,0.23261607673372378,25200
100,0.55,0.8590909090909091,0.3382882882882883,25300
100,0.48,0.8575984251968504,0.30990466101694913,25400
100,0.58,0.8565098039215686,0.38474414155906267,25500
100,0.71,0.8559375,0.44703382670992164,25600
100,0.82,0.8557976653696499,0.5755439161966156,25700
100,0.91,0.8560077519379845,0.662807881773399,25800
100,0.91,0.8562162162162162,0.6156035784826304,25900
100,0.95,0.8565769230769231,0.9488320355951056,26000
100,0.89,0.8567049808429119,0.7201365568070374,26100
100,0.96,0.8570992366412213,0.9580357142857143,26200
100,0.91,0.8573003802281369,0.8791863672182821,26300
100,0.81,0.8571212121212122,0.4968910382945124,26400
100,0.91,0.8573207547169811,0.8421184738955823,26500
100,0.93,0.857593984962406,0.6829952581664911,26600
100,0.95,0.857940074906367,0.7019945909398242,26700
100,0.93,0.8582089552238806,0.6827107279693486,26800
100,0.95,0.858550185873606,0.6953818369453044,26900
100,0.87,0.8585925925925926,0.6456792452830189,27000
100,0.96,0.8589667896678966,0.9136479591836735,27100
100,0.92,0.8591911764705882,0.8836110616932534,27200
100,0.89,0.8593040293040293,0.6392488262910798,27300
100,0.96,0.8596715328467154,0.6944139194139194,27400
100,0.91,0.8598545454545454,0.6716830466830467,27500
100,0.95,0.8601811594202898,0.7010228333757745,27600
100,0.95,0.8605054151624548,0.6772457653030025,27700
100,0.94,0.8607913669064748,0.6677166296731514,27800
100,0.94,0.8610752688172043,0.6804554079696394,27900
100,0.96,0.8614285714285714,0.691109777244231,28000
100,0.9,0.8615658362989324,0.841258581235698,28100
100,0.94,0.8618439716312056,0.8565656565656566,28200
100,0.96,0.8621908127208481,0.7047086247086247,28300
100,0.9,0.8623239436619718,0.6533348477964561,28400
100,0.93,0.862561403508772,0.6828113962797269,28500
100,0.91,0.8627272727272727,0.6650785400785402,28600
100,0.88,0.8627874564459931,0.6161015519568152,28700
100,0.92,0.8629861111111111,0.6717269670289805,28800
100,0.98,0.8633910034602076,0.9542181069958847,28900
100,0.97,0.8637586206896551,0.9421809011636739,29000
100,0.96,0.8640893470790378,0.9433719433719433,29100
100,0.96,0.8644178082191781,0.888527284681131,29200
100,0.96,0.8647440273037542,0.9457516339869282,29300
100,0.92,0.8649319727891156,0.6761583861874559,29400
100,0.88,0.8649830508474576,0.6323352262949578,29500
100,0.94,0.8652364864864864,0.6640209394453876,29600
100,0.97,0.8655892255892256,0.9463250709088666,29700
100,0.95,0.8658724832214765,0.7034387181446005,29800
100,0.87,0.8658862876254181,0.6258064516129033,29900
100,0.85,0.8658333333333333,0.6185344827586208,30000
100,0.65,0.8651162790697674,0.5019696089818041,30100
100,0.4,0.8635761589403973,0.2589013421890134,30200
100,0.41,0.8620792079207921,0.2312007052679749,30300
100,0.5,0.8608881578947368,0.25,30400
100,0.49,0.8596721311475409,0.31385281385281383,30500
100,0.63,0.858921568627451,0.6161510070652747,30600
100,0.77,0.8586319218241042,0.4927783251231528,30700
100,0.87,0.8586688311688312,0.7388546798029557,30800
100,0.84,0.8586084142394822,0.80496111153062,30900
100,0.87,0.8586451612903225,0.7501910606762391,31000
100,0.93,0.8588745980707395,0.9003833736884584,31100
100,0.95,0.8591666666666666,0.858899808899809,31200
100,0.94,0.8594249201277955,0.9254801287175388,31300
100,0.94,0.8596815286624204,0.911126893939394,31400
100,0.95,0.8599682539682539,0.9194122694122694,31500
100,0.96,0.8602848101265823,0.9320544320544321,31600
100,0.95,0.8605678233438486,0.9272946859903382,31700
100,0.93,0.8607861635220125,0.8353030303030302,31800
100,0.95,0.8610658307210032,0.9092039800995025,31900
100,0.93,0.86128125,0.7747126436781608,32000
100,0.93,0.8614953271028037,0.809353146853147,32100
100,0.95,0.8617701863354037,0.9327655181313717,32200
100,0.92,0.8619504643962849,0.8768049024146586,32300
100,0.95,0.8622222222222222,0.7132357413677743,32400
100,0.92,0.8624,0.7603714351805955,32500
100,0.98,0.862760736196319,0.9527206370272063,32600
100,0.91,0.8629051987767584,0.9008993624772312,32700
100,0.83,0.8628048780487805,0.5997296456218151,32800
100,0.95,0.8630699088145897,0.9483766233766234,32900
100,0.92,0.8632424242424243,0.8494775339602925,33000
100,0.92,0.8634138972809667,0.8461705264983954,33100
100,0.98,0.8637650602409639,0.974052899848464,33200
100,0.95,0.864024024024024,0.8992593233538115,33300
100,0.95,0.8642814371257485,0.862726361447589,33400
100,0.94,0.8645074626865672,0.8076947515567416,33500
100,0.94,0.8647321428571428,0.9024359472049689,33600
100,0.95,0.8649851632047477,0.9042708703725654,33700
100,0.95,0.8652366863905325,0.8643671143671143,33800
100,0.89,0.8653097345132743,0.8096451238044158,33900
100,0.97,0.8656176470588235,0.91221754257462,34000
100,0.97,0.8659237536656892,0.9456704851752021,34100
100,0.94,0.866140350877193,0.8759920634920636,34200
100,0.93,0.8663265306122448,0.9149703609232298,34300
100,0.94,0.8665406976744187,0.943552911006932,34400
100,0.95,0.8667826086956522,0.9446216315983758,34500
100,0.97,0.8670809248554914,0.8949441056910569,34600
100,0.92,0.8672334293948126,0.8980679451267686,34700
100,0.95,0.8674712643678161,0.8903162055335969,34800
100,0.96,0.8677363896848137,0.9222689075630252,34900
100,0.84,0.8676571428571429,0.7801271775476211,35000
100,0.81,0.8674928774928775,0.6232549930541322,35100
100,0.94,0.8676988636363636,0.898179012345679,35200
100,0.97,0.8679886685552408,0.9328571428571428,35300
100,0.92,0.868135593220339,0.8219650909459391,35400
100,0.96,0.8683943661971831,0.8451298701298702,35500
100,0.98,0.8687078651685394,0.9335953520164046,35600
100,0.87,0.8687114845938375,0.8174216027874565,35700
100,0.96,0.8689664804469274,0.9474918322844591,35800
100,1.0,0.8693314763231198,1.0,35900
100,0.97,0.8696111111111111,0.9405986090412319,36000
100,0.99,0.8699445983379501,0.9889943074003795,36100
100,0.98,0.8702486187845304,0.9624456704828492,36200
100,0.98,0.8705509641873278,0.9361905961259509,36300
100,0.95,0.8707692307692307,0.9250200252125063,36400
100,0.94,0.8709589041095891,0.9230614543114544,36500
100,0.96,0.8712021857923498,0.9374447947970176,36600
100,0.94,0.8713896457765667,0.9093003880120927,36700
100,0.95,0.8716032608695652,0.7122416020671835,36800
100,0.95,0.8718157181571816,0.864980633401686,36900
100,0.98,0.8721081081081081,0.9699086757990867,37000
100,0.96,0.8723450134770889,0.9487210623822646,37100
100,0.99,0.8726612903225807,0.9913124832932371,37200
100,0.97,0.8729222520107238,0.7347697869101979,37300
100,0.91,0.8730213903743316,0.8166490486257928,37400
100,0.96,0.8732533333333333,0.9307953190220633,37500
100,0.96,0.8734840425531915,0.8957107843137255,37600
100,0.97,0.8737400530503979,0.9317527010804322,37700
100,0.98,0.874021164021164,0.9487670068027211,37800
100,0.93,0.8741688654353562,0.8880495463312801,37900
100,0.97,0.874421052631579,0.9326839826839827,38000
100,0.95,0.8746194225721785,0.8865239698573032,38100
100,0.93,0.8747643979057592,0.8855344954883362,38200
100,0.97,0.8750130548302872,0.8984441602728048,38300
100,0.94,0.8751822916666666,0.908693422724281,38400
100,0.97,0.8754285714285714,0.9347297297297298,38500
100,0.96,0.8756476683937824,0.9316853233830845,38600
100,0.97,0.875891472868217,0.9521015881708652,38700
100,0.98,0.876159793814433,0.9713563242198288,38800
100,0.98,0.876426735218509,0.9608044733044734,38900
100,0.95,0.8766153846153846,0.9342755512110351,39000
100,0.98,0.8768797953964195,0.9551069703243616,39100
100,0.96,0.8770918367346939,0.9302475312207735,39200
100,0.98,0.87735368956743,0.9518360160965795,39300
100,0.92,0.8774619289340102,0.8381756785438369,39400
100,0.98,0.8777215189873417,0.90431953822496,39500
100,0.98,0.877979797979798,0.9608585858585859,39600
100,0.91,0.8780604534005038,0.7921938911708732,39700
100,0.98,0.8783165829145728,0.9035087719298245,39800
100,0.95,0.8784962406015038,0.8115374077399394,39900
100,0.83,0.878375,0.6999841630357528,40000
100,0.65,0.8778054862842892,0.5965266412074923,40100
100,0.72,0.877412935323383,0.6425022346074978,40200
100,0.84,0.8773200992555831,0.8090721540638132,40300
100,0.9,0.8773762376237624,0.8752246181491465,40400
100,0.8,0.8771851851851852,0.7742854140395125,40500
100,0.85,0.8771182266009853,0.7790887688403254,40600
100,0.93,0.8772481572481573,0.9303072365466254,40700
100,0.94,0.8774019607843138,0.9223276208992511,40800
100,0.86,0.877359413202934,0.8314217758985201,40900
100,0.92,0.8774634146341463,0.9061817588214998,41000
100,0.85,0.8773965936739659,0.7928285687549712,41100
100,0.88,0.8774029126213593,0.8697907371579737,41200
100,0.87,0.8773849878934624,0.8612172049986789,41300
100,0.86,0.8773429951690821,0.8257047071702244,41400
100,0.89,0.8773734939759036,0.881469448244414,41500
100,0.91,0.8774519230769231,0.915856932368758,41600
100,0.93,0.8775779376498801,0.9068121166721289,41700
100,0.85,0.877511961722488,0.8244192563388992,41800
100,0.91,0.8775894988066826,0.8737508934384063,41900
100,0.88,0.8775952380952381,0.874088168372423,42000
100,0.9,0.8776484560570071,0.8921744778086452,42100
100,0.96,0.8778436018957346,0.9356233721558799,42200
100,0.88,0.8778486997635934,0.8815477699700569,42300
100,0.88,0.8778537735849057,0.8706577829626182,42400
100,0.95,0.8780235294117648,0.9399057525959535,42500
100,0.81,0.8778638497652582,0.8046946831941233,42600
100,0.9,0.8779156908665106,0.8941094619666049,42700
100,0.93,0.8780373831775701,0.9286854103343465,42800
100,0.92,0.8781351981351981,0.9056184389662117,42900
100,0.92,0.8782325581395349,0.899554262607759,43000
100,0.95,0.8783990719257541,0.9479326033587134,43100
100,0.86,0.8783564814814815,0.8408271723990143,43200
100,0.92,0.8784526558891455,0.9128490450337267,43300
100,0.89,0.8784792626728111,0.8807341839174694,43400
100,0.9,0.8785287356321839,0.8879107605869089,43500
100,0.9,0.8785779816513761,0.8863370547581074,43600
100,0.91,0.8786498855835241,0.8799060436435234,43700
100,0.9,0.8786986301369863,0.8944720151155224,43800
100,0.9,0.87874715261959,0.8939263322884012,43900
100,0.88,0.87875,0.8725843654415083,44000
100,0.85,0.8786848072562359,0.8290746609712127,44100
100,0.94,0.8788235294117647,0.9309358720375669,44200
100,0.91,0.8788939051918736,0.9000783699059561,44300
100,0.9,0.8789414414414415,0.8962158808933003,44400
100,0.88,0.8789438202247191,0.8341642924976258,44500
100,0.85,0.8788789237668161,0.8338293650793651,44600
100,0.95,0.8790380313199105,0.9298699623257023,44700
100,0.9,0.8790848214285715,0.8913494032848871,44800
100,0.92,0.8791759465478842,0.8855354606091526,44900
100,0.74,0.8788666666666667,0.7229959897761327,45000
100,0.65,0.878359201773836,0.3629713423831071,45100
100,0.54,0.8776106194690265,0.2729100351817725,45200
100,0.63,0.8770640176600442,0.36894771894771894,45300
100,0.63,0.8765198237885462,0.3681998286571,45400
100,0.73,0.8761978021978022,0.4108621641516378,45500
100,0.73,0.8758771929824561,0.3997668997668998,45600
100,0.85,0.8758205689277899,0.6131951381951382,45700
100,0.89,0.8758515283842795,0.7216879467452393,45800
100,0.87,0.875838779956427,0.6066600066600066,45900
100,0.91,0.8759130434782608,0.8636872076469392,46000
100,0.93,0.8760303687635574,0.8261119832548404,46100
100,0.95,0.8761904761904762,0.6731507823613087,46200
100,0.91,0.8762634989200864,0.7692638458892329,46300
100,0.92,0.8763577586206897,0.828968253968254,46400
100,0.92,0.8764516129032258,0.8147994849153789,46500
100,0.92,0.8765450643776824,0.8578545548654245,46600
100,0.95,0.8767023554603854,0.8825296695519627,46700
100,0.93,0.8768162393162393,0.8212669683257918,46800
100,0.95,0.8769722814498934,0.8997637956784544,46900
100,0.89,0.877,0.7650077891457201,47000
100,0.94,0.8771337579617834,0.7752635080715762,47100
100,0.93,0.8772457627118644,0.807166753562739,47200
100,0.93,0.8773572938689218,0.8978881075307104,47300
100,0.96,0.8775316455696203,0.9126443488943489,47400
100,0.95,0.8776842105263158,0.8669602087410306,47500
100,0.93,0.8777941176470588,0.7738526570048309,47600
100,0.94,0.8779245283018868,0.7850178806700545,47700
100,0.93,0.8780334728033473,0.8760912698412698,47800
100,0.92,0.8781210855949896,0.843034114732228,47900
100,0.9,0.8781666666666667,0.8808362369337979,48000
100,0.93,0.8782744282744283,0.8846153846153846,48100
100,0.95,0.8784232365145228,0.8413690476190476,48200
100,0.89,0.8784472049689441,0.7446500154178229,48300
100,0.95,0.878595041322314,0.8476757369614514,48400
100,0.91,0.878659793814433,0.6783882723480039,48500
100,0.9,0.8787037037037037,0.7116258741258741,48600
100,0.79,0.8785215605749487,0.5616110080395794,48700
100,0.91,0.8785860655737705,0.8034931287951421,48800
100,0.94,0.8787116564417178,0.8856612482440297,48900
100,0.93,0.8788163265306123,0.842991452991453,49000
100,0.94,0.8789409368635438,0.9138777888777889,49100
100,0.98,0.8791463414634146,0.9544970794970795,49200
100,0.96,0.8793103448275862,0.9068752178459393,49300
100,0.96,0.8794736842105263,0.894777968362874,49400
100,0.9,0.8795151515151515,0.8159112129700365,49500
100,0.91,0.8795766129032258,0.8375,49600
100,0.92,0.8796579476861167,0.8662636383224619,49700
100,0.92,0.8797389558232932,0.8308994926641985,49800
100,0.97,0.8799198396793587,0.9539112903225806,49900
